Date,Close,High,Low,Open,Volume
2022-12-01,28.814491271972656,32.86652910709381,28.814491271972656,29.30973965371868,4000
2022-12-02,29.723947525024414,30.615397371637627,27.91403878002254,29.678925568821846,42200
2022-12-05,29.66091537475586,30.615396623726422,29.354761271120395,29.354761271120395,39700
2022-12-06,28.814491271972656,29.26471769809723,28.25620974788808,29.26471769809723,9800
2022-12-07,29.723947525024414,30.831507570347068,28.652409853600926,28.814491643894236,10300
2022-12-08,28.814491271972656,32.53336251354904,28.68842842225058,30.60639395932867,15200
2022-12-09,28.814491271972656,29.678925185742628,28.805486537352863,29.678925185742628,31000
2022-12-12,29.174671173095703,29.70593844572467,27.364759178650107,28.940551528910884,3548800
2022-12-13,27.697927474975586,30.29123070284762,27.553855168842546,30.057114493489458,3388900
2022-12-14,26.563358306884766,28.00408316871977,26.20317752079538,27.91403754282806,3393100
2022-12-15,25.644893646240234,26.81548323978719,25.644893646240234,26.18516563422519,3034800
2022-12-16,24.411279678344727,25.635894505115107,24.096120806812923,25.45580494815242,4467300
2022-12-19,25.22168731689453,25.626890113607438,24.40227527040037,24.420284741581664,4974300
2022-12-20,26.43729591369629,26.455303665200933,25.392770757417377,25.734942080690473,3326900
2022-12-21,25.392770767211914,26.65340439933022,25.374761298222833,26.455303675405315,3028100
2022-12-22,25.25770378112793,25.608881588676418,24.771460096220434,25.572862647398562,2691900
2022-12-23,25.248699188232422,25.59087052163861,25.032588989001887,25.41077926143901,1477900
2022-12-27,26.059104919433594,26.89652631129433,25.212678793335087,25.35675110618452,979900
2022-12-28,25.338743209838867,26.12213796235577,25.113629992359908,26.032092331868675,1951100
2022-12-29,26.365262985229492,26.833497213785492,25.104627481680645,25.374764397074415,1114700
2022-12-30,25.81598663330078,26.140150251022593,25.311733452660647,26.12214077948744,850700
2023-01-03,25.626888275146484,26.49132393757967,25.44679872868619,26.1131336572922,1111700
2023-01-04,26.7164363861084,26.824491484841623,25.824988262100035,25.90602915678057,1124000
2023-01-05,26.58136749267578,26.869512118480813,26.230189727183134,26.71643507133721,1294400
2023-01-06,26.815486907958984,26.986571715533543,26.131142525228135,26.770463234272885,1730800
2023-01-09,27.9050350189209,28.292230038691752,27.23870008250406,27.463813306326408,2031400
2023-01-10,27.202680587768555,27.80598408401303,27.17566810064619,27.71594017030174,1110800
2023-01-11,27.463809967041016,27.598877541416233,27.040597776004706,27.391773812875744,1306000
2023-01-12,27.887025833129883,28.355261755648673,27.3017317887202,27.58087170821203,1298900
2023-01-13,28.71544075012207,28.8234941300081,27.44580237285743,27.535848001080794,1630500
2023-01-17,28.688430786132812,29.24671063874127,28.391281389105046,29.237707620857158,1146100
2023-01-18,28.373271942138672,29.071122617222386,28.238204346554348,28.72444803415344,1367500
2023-01-19,28.274219512939453,28.39127934674396,27.855508794864747,28.18417388327696,1323600
2023-01-20,28.814491271972656,28.832500741212243,28.035599760874447,28.28322395174746,918400
2023-01-23,29.174671173095703,29.3997843659901,28.634397449176316,29.048604899712874,1191800
2023-01-24,28.994585037231445,29.29173271799813,28.553361590086574,29.07562593834151,987900
2023-01-25,28.463315963745117,29.03960525486908,28.152658622298087,28.994583298054106,1843000
2023-01-26,28.85951042175293,28.976570242951688,28.499329659367042,28.65240669806571,1915800
2023-01-27,29.264720916748047,29.570875057583013,28.88653232598713,28.99458571835376,1303100
2023-01-30,28.4453067779541,29.138655911681738,28.436302043005714,28.913542690404785,1102000
2023-01-31,29.399791717529297,29.453816698962097,28.409291360142415,28.45431504046607,1958600
2023-02-01,29.273717880249023,29.413290394600274,28.697430377690008,29.39978415271734,2118700
2023-02-02,30.048105239868164,30.08862739700863,29.273715378515686,29.363762708297607,1670700
2023-02-03,30.34526252746582,30.62440071991197,29.57087250657305,29.57087250657305,2144900
2023-02-06,30.192180633544922,30.322746698923087,29.69693229121879,29.976073889781222,2285500
2023-02-07,30.579374313354492,30.669421648584457,29.940053690517512,30.075122975885154,1517700
2023-02-08,31.254714965820312,31.704941352887577,30.642406804612456,31.371774788245126,2140300
2023-02-09,31.452816009521484,32.22720595309832,31.3897845894587,31.740960625509874,2075500
2023-02-10,31.227705001831055,31.713950363492426,30.99358533808817,31.470827682661742,2511100
2023-02-13,31.63291358947754,31.763479681461977,31.164677635967802,31.218702615440357,2525400
2023-02-14,31.993087768554688,32.101144580707,31.33125439268019,31.55186780794164,2001600
2023-02-15,32.092140197753906,32.40730076774976,31.58788878168878,31.858023959574403,1723100
2023-02-16,31.858016967773438,32.16417101817431,31.353762227420713,31.524847001044517,2352000
2023-02-17,31.60588836669922,31.96607082034688,31.398784658085873,31.641907299054875,2135300
2023-02-21,31.02960777282715,31.515853189279618,30.849516496183043,31.290739952213332,1858100
2023-02-22,31.047616958618164,31.317752153623722,30.87653213660423,31.065626429612582,1664500
2023-02-23,30.669424057006836,31.28623203573465,30.318244574464316,31.200691354242075,2108800
2023-02-24,30.570371627807617,30.651412512913417,30.04360759209724,30.201186136760004,1476600
2023-02-27,30.452199935913086,30.94307205069562,30.306756731641173,30.906710382717762,1292900
2023-02-28,30.561281204223633,30.7339973917842,30.188582779817473,30.497650019640105,1370200
2023-03-01,30.72490692138672,31.079424531351847,30.41583966466128,30.579463710435906,1305200
2023-03-02,30.73400115966797,30.94307557287987,30.370391373779498,30.370391373779498,1427400
2023-03-03,31.161237716674805,31.3612234395573,30.78853925798276,30.87035128392198,1449200
2023-03-06,31.315773010253906,31.543028252029856,31.06124478146978,31.07942561692863,1405600
2023-03-07,30.59764289855957,31.415763083403206,30.388568510797196,31.333951064918843,2102700
2023-03-08,30.315845489501953,30.634004883632752,30.043139914275216,30.52492334706996,2904000
2023-03-09,29.83406639099121,30.606732787851936,29.688623182136027,30.21585698151083,3249500
2023-03-10,28.761425018310547,29.75225808605265,28.543260177773757,29.56136450076547,4860600
2023-03-13,28.161468505859375,28.734152673081418,27.734229285188533,28.20692059347533,2570900
2023-03-14,28.779603958129883,28.90686633993281,28.41599591453587,28.6887015137764,1750700
2023-03-15,28.02511978149414,28.279646307655664,27.37971564797686,27.9887598399397,2101600
2023-03-16,28.38872718811035,28.4069080253634,27.488796549925247,27.6706014548156,1703800
2023-03-17,27.92512321472168,28.334183339483474,27.53424565906249,28.152378454296038,2562200
2023-03-20,28.406906127929688,28.461446902225724,27.952395629882812,28.12511010461021,1633500
2023-03-21,28.79778480529785,29.08867124028956,28.51053419067055,29.0704904046476,1095300
2023-03-22,28.225099563598633,28.815964563122545,28.11601802146673,28.67052135106677,2040100
2023-03-23,28.39781379699707,28.843233847020546,28.22509933390394,28.22509933390394,1246400
2023-03-24,28.197830200195312,28.32509257798969,27.77058924533729,28.025115734745903,1494600
2023-03-27,28.243282318115234,28.525078343898077,28.11965575284753,28.39781595815485,1596900
2023-03-28,28.252370834350586,28.275096011157803,27.86149155151494,28.179649228275572,1372400
2023-03-29,28.53416633605957,28.779602402400545,27.98875516706162,28.779602402400545,2335100
2023-03-30,29.11594009399414,29.13412092922027,28.71597212193855,28.843234500881703,2608400
2023-03-31,29.7431697845459,29.80680098046119,28.997771069169485,29.243205434297032,1645900
2023-04-03,29.070491790771484,29.797707912925492,29.006860596810508,29.54318313708159,843700
2023-04-04,28.888687133789062,29.115940643122187,28.797784689763866,29.070490288019545,2210500
2023-04-05,28.725065231323242,28.943230073020985,28.57962200352475,28.725065231323242,1456600
2023-04-06,28.743244171142578,28.870506553611683,28.543258445754066,28.597799219123694,1123500
2023-04-10,28.67961311340332,28.706884368773714,28.434178750349925,28.634162754939368,837800
2023-04-11,28.943227767944336,29.125032655123295,28.71597252588059,28.71597252588059,903900
2023-04-12,29.19775390625,29.515913340726144,29.052310683176326,29.252296415267615,1151700
2023-04-13,30.470380783081055,30.48856161707785,29.425005367922356,29.425005367922356,1060900
2023-04-14,30.443115234375,30.706728692593522,30.068596246971083,30.543104632932387,1246300
2023-04-17,30.134048461914062,30.534016465839294,29.99769392067317,30.452204434622764,1086900
2023-04-18,29.94314956665039,29.952241718247873,29.034130328551637,29.715894323670724,2224500
2023-04-19,29.961326599121094,30.070411598605503,29.315922623215535,29.47954665480277,1980800
2023-04-20,29.770437240600586,29.943149979294944,29.60681318598915,29.870430103712007,2870500
2023-04-21,29.670442581176758,29.724985085291735,29.411371754999998,29.724985085291735,1516700
2023-04-24,29.72498893737793,29.888613003287393,29.624996067362133,29.697715947966284,593200
2023-04-25,29.543184280395508,29.88861325215168,29.51591475839691,29.634084998817595,1242100
2023-04-26,29.315927505493164,29.797707530047184,29.234115476074564,29.52500192119849,1227100
2023-04-27,30.197673797607422,30.279485812951062,29.415915310465795,29.415915310465795,1220800
2023-04-28,30.49765396118164,30.534015633540065,30.097685968158775,30.179497997145265,725000
2023-05-01,30.406753540039062,30.87944488231986,30.370391867331318,30.561285447587032,736900
2023-05-02,29.36137580871582,30.27039675305773,29.1977517613231,30.19767688068303,2060500
2023-05-03,29.42500877380371,29.73407605224402,29.27047686840352,29.31592722483652,1941100
2023-05-04,28.343273162841797,29.243201950808864,28.32509232794028,29.243201950808864,3011700
2023-05-05,29.406827926635742,29.425008762730087,28.679611821061613,28.679611821061613,1260900
2023-05-08,29.952241897583008,30.015873088587114,29.406827230582323,29.406827230582323,1083100
2023-05-09,30.261308670043945,30.352209379226576,29.50681960679696,29.734074847393313,1781700
2023-05-10,29.370473861694336,30.588562310578865,28.770518322760285,30.24313331137986,2577900
2023-05-11,29.46137046813965,29.534093812599025,28.67961185340097,29.088671996885154,1061200
2023-05-12,28.67961311340332,29.688627022447406,28.1705618165629,29.388651882473262,1587200
2023-05-15,28.79778480529785,28.934137604972726,28.515988788127125,28.725063196549925,798700
2023-05-16,28.38872718811035,28.843237716516164,28.32509599154475,28.706884904758436,944000
2023-05-17,28.734153747558594,28.734153747558594,27.99784550502551,28.370543968313648,2225000
2023-05-18,28.352367401123047,28.74324673508222,28.016028845398615,28.625073026116848,1277300
2023-05-19,28.3614559173584,28.670523196323686,28.19783185980972,28.497808720708978,1153900
2023-05-22,28.725065231323242,28.99595380658945,28.39781710186661,28.406907520331522,881500
2023-05-23,28.752330780029297,28.88868530434206,28.44326526402782,28.725061262222585,1566000
2023-05-24,27.879676818847656,28.570533053303727,27.806955201211235,28.570533053303727,1509700
2023-05-25,27.934213638305664,28.09783768824519,27.770589588366136,27.80695125893931,1463500
2023-05-26,28.243282318115234,28.32509434718444,28.006936649006406,28.21601279763881,1332000
2023-05-30,28.298389434814453,28.537194623310878,27.930997510921063,28.381052836673327,1168800
2023-05-31,28.032028198242188,28.206538250065552,27.69218960704959,28.11469159199545,2001800
2023-06-01,28.289203643798828,28.55556387624876,27.885073414503726,28.01366014638282,1200300
2023-06-02,29.09746742248535,29.1066524392563,28.289203465270305,28.32594353235409,1032200
2023-06-05,29.09746742248535,29.359234268937445,28.831107191716377,29.12502072093537,1152600
2023-06-06,29.55670738220215,29.823067609657887,28.88621693302865,28.88621693302865,1516700
2023-06-07,29.180131912231445,29.786329026869247,28.94132672284945,29.676112325223947,910300
2023-06-08,28.97806739807129,29.079100842688685,28.66578379822026,28.840295633869488,964600
2023-06-09,29.244426727294922,29.308720098413307,28.941328154977537,29.06072987964555,1209900
2023-06-12,30.043502807617188,30.057279457498822,29.15257716072574,29.281163897922077,894100
2023-06-13,30.31904411315918,30.70021441623875,30.208827418389678,30.227197451472186,1066600
2023-06-14,30.796655654907227,30.879319055117364,30.328232056200253,30.392525422616394,1168800
2023-06-15,31.09975814819336,31.164051519139576,30.72318118819724,30.88850800026636,1373700
2023-06-16,30.548669815063477,31.35693389874958,30.521116512302125,31.136500469206403,2063400
2023-06-20,30.043502807617188,30.098612910869534,29.630185792539095,30.080242876452086,1257300
2023-06-21,29.79551124572754,29.942468010668865,29.60263114869061,29.924101480811142,757000
2023-06-22,29.345458984375,29.7587759989741,29.19850221293152,29.74040596457794,1048600
2023-06-23,29.06991195678711,29.22146210354796,28.904585160998106,29.115837039985607,937100
2023-06-26,28.90458869934082,29.21687229586749,28.826518676140658,28.94132877039714,1638700
2023-06-27,29.960840225219727,29.979210260140327,28.91836614548854,28.97806613118606,1793900
2023-06-28,29.43730354309082,29.79551042883158,29.239830067140716,29.74040383331796,1121300
2023-06-29,29.60263442993164,29.795514548347956,29.354644204656644,29.51997102150664,1213200
2023-06-30,29.97002601623535,30.539483065281594,29.823069245393555,29.86899257933303,1267500
2023-07-03,30.043502807617188,30.21801638272005,29.928692720302482,29.98839620809065,452800
2023-07-05,29.731218338012695,29.90573190788002,29.345458137996786,29.896545139084,1203400
2023-07-06,28.54637908935547,29.345458041278857,28.385645673211926,29.345458041278857,1561100
2023-07-07,29.32708740234375,29.497007583746935,28.514231817769744,28.5280084669084,1526000
2023-07-10,29.023990631103516,29.32708919370752,28.872440473870054,29.189317438317136,1156800
2023-07-11,28.959699630737305,29.31790657442359,28.886221238394914,29.115841433447773,1122500
2023-07-12,29.207683563232422,29.639370583923647,29.198500298499354,29.428120457807356,1518000
2023-07-13,30.36497688293457,30.424676874327652,29.405162613187947,29.418939264761256,1982200
2023-07-14,30.337413787841797,30.46600051417471,30.107793632611447,30.364970589002787,1024300
2023-07-17,30.181276321411133,30.360379777368667,30.098612918374904,30.337416358409676,798400
2023-07-18,30.70480728149414,30.82421074264962,30.098610214918978,30.172086842281622,1495500
2023-07-19,30.94361686706543,31.090573654804334,30.723183437320174,30.925246830632293,929100
2023-07-20,30.723180770874023,30.961984216326815,30.089426831975587,30.8150274413422,820300
2023-07-21,31.053834915161133,31.104351635889852,30.658887918768926,30.787474661087142,732000
2023-07-24,30.9803524017334,31.320189266649496,30.916059035498616,31.007905700483825,1085200
2023-07-25,31.384483337402344,31.48551677338948,30.871972348275754,31.035463199643203,886900
2023-07-26,31.356931686401367,31.522258498757427,31.072204901352777,31.09975820217014,732600
2023-07-27,30.824214935302734,31.67840230489712,30.796658130533707,31.604922163814347,523000
2023-07-28,31.081388473510742,31.462558822630307,30.971171765428622,31.255898553284602,673900
2023-07-31,30.97117042541504,31.421224007784957,30.842583687595063,31.14568049763846,587800
2023-08-01,30.622146606445312,30.75992011261303,30.34660309783568,30.732363309144002,665900
2023-08-02,29.648555755615234,30.369562962067622,29.437305615911594,30.30986297814892,1156300
2023-08-03,29.69448471069336,29.740408048038013,29.18931924058706,29.45567775053949,1456000
2023-08-04,30.218019485473633,30.61296650668701,29.639375604949777,29.69448571386077,1223800
2023-08-07,30.337413787841797,30.54407402978442,30.291490457540828,30.319043754976306,669600
2023-08-08,30.300683975219727,30.420083959853116,29.795516718208106,30.015953657970112,1334200
2023-08-09,30.769102096557617,31.044645593692106,30.043501534580457,30.043501534580457,2279200
2023-08-10,32.03661346435547,32.35808036473299,30.971175804027403,31.108945831163584,1553100
2023-08-11,32.26622772216797,32.35807438996636,31.843723940608292,31.843723940608292,942500
2023-08-14,32.44073486328125,32.65198498312364,32.05497468888875,32.073341217809414,958600
2023-08-15,31.52225685119629,32.20193410021633,31.384483346858545,32.19274733127341,1030800
2023-08-16,31.072202682495117,31.632472946886406,30.888505848136575,31.274266046936386,783300
2023-08-17,30.658885955810547,31.283453095990026,30.585405819918503,31.228342994070992,632700
2023-08-18,30.84259033203125,30.906883714791995,30.30986972775468,30.475196570204197,675900
2023-08-21,30.594589233398438,30.948202713351666,30.447632481457113,30.91605603335592,599800
2023-08-22,29.841442108154297,30.704812780716367,29.800108651083036,30.677259478486274,864200
2023-08-23,30.521108627319336,30.585401986303395,29.84143497413775,29.86898826978084,570300
2023-08-24,30.392526626586914,30.750733540445626,30.337416523021794,30.466003260947915,780200
2023-08-25,30.521108627319336,30.80124547877501,30.254748423685204,30.658882112985342,721000
2023-08-28,30.824214935302734,31.10802374647891,30.539484644195948,30.723181493176906,479700
2023-08-29,31.687583923339844,31.72432399197124,30.640516493425608,30.815026563836053,811500
2023-08-30,32.05841827392578,32.28555181409735,31.75248027013968,31.93789692062867,873000
2023-08-31,32.03060531616211,32.40143863842588,31.76175133434731,32.039878094309465,836900
2023-09-01,32.3458137512207,32.63320976321573,32.09550178010158,32.28091844795228,856300
2023-09-05,31.88227081298828,32.5034160606431,31.868365183116566,32.317999410453815,596300
2023-09-06,31.743213653564453,31.98888923275009,31.35383830169139,31.76175213727049,457400
2023-09-07,31.91008949279785,32.1418594752959,31.31675890344752,31.31675890344752,932100
2023-09-08,32.42924880981445,32.531228146835744,31.84518758466523,31.94716692168652,993600
2023-09-11,33.1709098815918,33.18945189961035,32.73518483600507,32.74445407675018,776900
2023-09-12,32.494140625,33.449035057578804,32.43944468044162,33.13382783899973,1152000
2023-09-13,32.39216613769531,32.76299946313502,32.1882109915793,32.67956214173752,916900
2023-09-14,33.20800018310547,33.50466545431852,32.68883419021814,32.707376211735074,1217900
2023-09-15,33.42121887207031,33.495386937602376,33.07820041030456,33.25434426115119,1282600
2023-09-18,33.24508285522461,33.58346500850029,33.19872957160821,33.41195750546673,723400
2023-09-19,32.994773864746094,33.578835193430834,32.71665060135832,33.32852319542309,1646600
2023-09-20,32.837162017822266,33.50466054858129,32.81398714671609,33.19872607966905,926600
2023-09-21,31.594881057739258,32.61466741590434,31.56706625909671,32.59612539565223,1745000
2023-09-22,31.613418579101562,32.049147200440146,31.539254036879537,31.78029321976193,1506600
2023-09-25,31.548519134521484,31.621760633146707,31.15914738181086,31.483623842403045,1438400
2023-09-26,31.214773178100586,31.381647814382365,30.862485422864435,31.196234695427993,1670500
2023-09-27,31.038625717163086,31.428001002377837,30.84393984281978,31.428001002377837,1048400
2023-09-28,31.30748748779297,31.446547345724866,30.99228019200669,31.02009145628726,1197600
2023-09-29,30.908838272094727,31.650501347167754,30.85321221526606,31.594878826867593,1305800
2023-10-02,29.759258270263672,30.87175466672359,29.634104061306385,30.760506088036163,2483700
2023-10-03,29.036134719848633,29.583111861681243,28.697750855539326,29.203009341867276,1971300
2023-10-04,28.934158325195312,29.17519927385708,28.382546507156317,29.110303973883582,1628100
2023-10-05,28.92488670349121,29.045406283772422,28.595772073435903,28.739470060312563,1127500
2023-10-06,29.64801025390625,29.851968932475447,28.414994245771116,28.897076144598284,1497400
2023-10-09,29.87051010131836,30.004937086862437,29.21228257199982,29.295719889353776,618000
2023-10-10,30.575088500976562,30.635347409152832,29.926131994769964,30.009569310375504,1245100
2023-10-11,31.07571029663086,31.159147606603394,30.510191144209053,30.63071248895342,1324100
2023-10-12,30.445295333862305,31.159147076703324,30.37112726557995,31.06643699135038,1104200
2023-10-13,30.037382125854492,30.658523794880608,29.944672038779405,30.55654446736212,1002000
2023-10-16,30.408218383789062,30.72806206384503,30.13009513599338,30.315511813366825,1284800
2023-10-17,30.32477569580078,30.649255707983723,29.991026442825575,30.046652497164224,1357800
2023-10-18,29.230825424194336,30.009570794587496,29.203012394862174,29.972490292006565,1117200
2023-10-19,28.498430252075195,29.286448364173935,28.424263945540268,29.24936432677436,2058200
2023-10-20,28.192493438720703,28.711657573823825,27.969994523676508,28.322284030430435,1455900
2023-10-23,28.201765060424805,28.554054574830484,27.914370843283525,28.044161437812317,1171600
2023-10-24,28.461349487304688,28.771920359752787,28.155413235644392,28.21103752641963,1017100
2023-10-25,27.626976013183594,28.28056717023641,27.599164752201116,28.201766239766982,1809300
2023-10-26,27.4879150390625,27.85874659627257,27.311769386288585,27.497186049025796,1749700
2023-10-27,26.838960647583008,27.729882968402478,26.736981304763262,27.701143367576268,1719900
2023-10-30,26.968748092651367,27.22833104020389,26.560832537430024,26.894581788816957,2168200
2023-10-31,26.579376220703125,26.96874978229482,26.282710986778838,26.96874978229482,2236000
2023-11-01,27.28395652770996,27.515726458433605,26.699895312058395,26.76479237800298,2436000
2023-11-02,28.795095443725586,28.86926175017168,27.654787819017802,27.68260084703417,1738900
2023-11-03,29.35134506225586,29.703636361309286,29.184470422521535,29.184470422521535,1909100
2023-11-06,28.915618896484375,29.944676252112743,28.609682639146587,29.360616767473093,1340900
2023-11-07,28.516971588134766,28.97124042581992,28.35936796948774,28.804365798044927,1195500
2023-11-08,28.507701873779297,28.776555845908618,28.36864026707225,28.516972883328336,1013100
2023-11-09,28.63749122619629,29.114938471765857,28.61895097616834,28.878532159201544,2487600
2023-11-10,28.78582191467285,28.92488527431782,28.44280344048424,28.730197631773308,1488500
2023-11-13,28.92488670349121,29.063948301743117,28.572595435104613,28.618950480031355,832100
2023-11-14,30.306236267089844,30.440663257497597,29.286449939447888,29.694363763198943,1861000
2023-11-15,31.12206268310547,31.270395281428808,30.371126914796506,30.380399691488773,2129300
2023-11-16,31.029361724853516,31.2518588941542,30.834672281054488,30.95519364406746,1222100
2023-11-17,31.12206268310547,31.30747931514167,30.7975862294382,31.270395281428808,1612800
2023-11-20,31.196231842041016,31.326022428049104,30.82539856499371,30.96446192801851,1274100
2023-11-21,30.927379608154297,31.279670887233507,30.649256403208994,31.084981460896213,1290700
2023-11-22,31.492904663085938,31.567069214509175,30.71415742223198,30.94592739228936,907700
2023-11-24,31.492904663085938,31.780297162578474,31.423372964762905,31.641237302461494,385500
2023-11-27,31.261131286621094,31.474359211455752,31.131340683376408,31.335295829962902,1091700
2023-11-28,31.789567947387695,31.87300527283473,31.01082075539165,31.23331793223117,1393800
2023-11-29,33.389801025390625,33.56760417243797,31.798918549716248,31.836351918518595,3081100
2023-11-30,32.78152847290039,33.5863282296053,32.58500859831244,33.51146504540941,1989900
2023-12-01,33.74541473388672,33.77348797876555,32.56628847117466,32.63179508912056,1884400
2023-12-04,33.18392562866211,33.69862202600155,32.893825905169834,33.2868656220986,1241900
2023-12-05,32.90317916870117,33.13058171639226,32.69729920244569,32.921895853801004,1276700
2023-12-06,33.286865234375,33.72669844853758,33.193285370437124,33.24007530240606,875600
2023-12-07,33.7266960144043,33.79220262840165,33.17924635320816,33.427236187604215,2018100
2023-12-08,33.59568786621094,33.97001092138881,33.37109117722961,33.68926773754459,1305100
2023-12-11,33.6705436706543,33.75476696433497,33.36640380070508,33.59568050396175,624200
2023-12-12,33.838993072509766,33.904499687505066,33.58632317045242,33.6705464711382,1178200
2023-12-13,35.10233688354492,35.20527686367655,33.52081452198801,33.988720926337194,1897400
2023-12-14,36.44990539550781,36.69321512688767,35.560882616135984,35.75740242646304,5343300
2023-12-15,35.54217529296875,36.449914993762704,35.53749522867844,36.40312506038884,2674800
2023-12-18,35.96329116821289,36.23467777454486,35.66383131634418,36.141094339683995,1980600
2023-12-19,36.60900115966797,36.76809121555354,36.03815469592849,36.15981137750651,2612300
2023-12-20,36.40312194824219,37.19856145712408,36.40312194824219,36.449911877615925,2091400
2023-12-21,36.861671447753906,37.01140137662885,36.59028483609211,36.711941518878966,1042000
2023-12-22,37.24535369873047,37.441873556206005,36.93653728981791,36.93653728981791,1962700
2023-12-26,37.50738525390625,37.629038368755154,37.109661888933374,37.29214513104987,728100
2023-12-27,37.83491516113281,38.227954858632955,37.357648591490815,37.63839531238274,2118500
2023-12-28,37.73197555541992,37.98464546487924,37.62903556602802,37.68518562474439,665500
2023-12-29,37.59160614013672,37.843340777189105,37.28278970938256,37.59160614013672,590900
2024-01-02,36.33761215209961,37.095618223188374,36.169165565226,36.74000836536159,958600
2024-01-03,35.53281784057617,35.8509943772966,35.350334606117414,35.691904324014885,1051900
2024-01-04,36.00072479248047,36.19724465229021,35.275468339098715,35.46731170451516,1404800
2024-01-05,35.86970901489258,36.403122065119916,35.70126241273207,35.70126241273207,1241800
2024-01-08,36.34697341918945,36.34697341918945,35.86971040776376,35.86971040776376,906800
2024-01-09,36.234676361083984,36.33761635049388,36.01007969602212,36.234676361083984,838200
2024-01-10,36.768089294433594,36.899102527821576,36.28146616339047,36.28146616339047,850300
2024-01-11,36.131736755371094,36.75872968684549,35.50474025405377,36.618359893303705,1305000
2024-01-12,36.393760681152344,36.72597381010154,35.92585426237724,36.46862742168084,1223000
2024-01-16,36.07558822631836,36.26275152882283,35.69190506261357,35.86035167788329,974400
2024-01-17,35.41115951538086,35.504739375426254,34.80287971555732,35.37372614342557,1444100
2024-01-18,35.80419921875,35.97264582274063,35.233356360607125,35.70126280061602,1297600
2024-01-19,36.53413772583008,36.59028421705636,35.67318797198244,35.84163458534735,1065800
2024-01-22,36.41248321533203,36.945896332832,36.261817981135685,36.81488308570474,897500
2024-01-23,36.711936950683594,36.819556997034866,36.43587387892068,36.440550372791385,741100
2024-01-24,37.02075958251953,37.32021942471674,36.917819592418695,37.07690607177969,1319300
2024-01-25,37.67582702636719,37.816200393935915,37.03947751762658,37.24535393492621,835400
2024-01-26,37.9659309387207,38.18116748794838,37.54481439899565,37.76941107679671,1886700
2024-01-29,38.41511154174805,38.4338282245777,37.75068536558549,37.90041525838046,836000
2024-01-30,38.40576171875,38.52741482370823,38.10630188065721,38.471268335217616,672500
2024-01-31,37.61031723022461,38.57420689511078,37.54481061618337,38.40576029619252,1058100
2024-02-01,37.70390701293945,37.984650201846264,36.62772062397944,37.4605936313351,1409800
2024-02-02,37.685184478759766,37.79280095905664,37.030114759693994,37.33893471847864,803800
2024-02-05,37.15176773071289,37.451227531910334,36.71193458589808,37.37636079668977,2473900
2024-02-06,37.15176773071289,37.488660899520625,37.01139438709553,37.24534757989618,1409300
2024-02-07,37.235992431640625,37.778762003154355,35.86034646357924,37.591598727864515,2449700
2024-02-08,37.41379928588867,37.7039025698171,36.52477631757901,37.35764922678684,2371100
2024-02-09,37.77876281738281,37.81619618721608,36.87102680290329,37.36700645874481,1405900
2024-02-12,37.99400329589844,38.46190975801464,37.82088018961497,38.012719982764246,1250400
2024-02-13,36.655792236328125,37.058192098081946,36.22531912788925,37.058192098081946,1253400
2024-02-14,37.61967849731445,37.694541671410796,37.08626544119772,37.19856198726365,1063600
2024-02-15,38.52741241455078,38.57420591182406,37.73197293870197,37.76940630858354,737200
2024-02-16,38.20924377441406,38.583566805771916,37.853633860257524,38.35897370092581,864400
2024-02-20,38.16244888305664,38.284105559496,37.84427235456802,37.881705727294424,702600
2024-02-21,37.9659309387207,38.09694418000337,37.488667906927695,37.900424318079374,489100
2024-02-22,38.98596954345703,39.25735617095905,38.30282647997642,38.30282647997642,868900
2024-02-23,38.52741241455078,39.3322120177913,38.518055857001706,39.16376542316688,587600
2024-02-26,38.42448043823242,38.86431009066978,38.36833037692757,38.54613354962837,549800
2024-02-27,38.321537017822266,38.583563474131424,38.02207719065674,38.42447700275593,743800
2024-02-28,38.16096496582031,38.49156593127993,37.82091619947312,38.13262516643786,859200
2024-02-29,38.49156188964844,38.652138455073846,37.943704800663134,38.56712987569326,852300
2024-03-01,39.27556610107422,39.530599062470166,38.57657659752346,38.57657659752346,1290300
2024-03-04,39.21888732910156,39.681728629650834,39.077199157671444,39.077199157671444,1574000
2024-03-05,39.27556610107422,39.530599062470166,38.98274554090239,39.19999811008273,617200
2024-03-06,39.851749420166016,40.3240384782052,39.62505269014376,39.719509060439776,862400
2024-03-07,40.154014587402344,40.4468351039098,39.94809796823233,40.276810752812516,812700
2024-03-08,39.72896194458008,40.48462381350846,39.615609961780805,40.41850362518223,879600
2024-03-11,39.568382263183594,39.67228644706978,38.97802085772125,39.577830063507825,548100
2024-03-12,39.851749420166016,40.257918298342084,39.393632060622835,39.63449688586154,797900
2024-03-13,39.68172836303711,40.34293381980201,39.66283997003456,40.00288509327836,652200
2024-03-14,38.89773178100586,39.61560965001835,38.66158722361912,39.61560965001835,991600
2024-03-15,38.652137756347656,39.07719866196611,38.26958474293097,38.66158555607242,1145800
2024-03-18,38.302650451660156,38.82216781102317,38.18930206130177,38.699375222835066,1179800
2024-03-19,38.302650451660156,38.53407113293197,37.90592928376561,37.9720494784147,959500
2024-03-20,39.445587158203125,39.568383342808204,38.23652811987664,38.23652811987664,943200
2024-03-21,40.28626251220703,40.616863447795716,39.6345012345037,39.86120159267876,1326100
2024-03-22,40.00288391113281,40.451560702201284,39.832859552895464,40.36182462333164,848400
2024-03-25,39.228336334228516,40.14457845435406,39.228336334228516,39.946217872661,1046000
2024-03-26,39.16221237182617,39.9367662286198,39.11498418119826,39.54004510340939,1253600
2024-03-27,39.48336410522461,39.577824077780555,38.76548633019704,39.577824077780555,832000
2024-03-28,39.69117736816406,39.747853358732435,39.242500550211055,39.48336900602667,766700
2024-04-01,39.6156120300293,39.6770119247378,39.190554683820736,39.596720031909776,1244200
2024-04-02,38.756038665771484,39.011075187638134,38.330981399273256,38.81271464950169,1411700
2024-04-03,39.29445266723633,39.40308074841228,38.65213918681497,38.793827361691434,1127700
2024-04-04,38.70881652832031,40.050119526579735,38.67103253326397,39.700622977228704,1245600
2024-04-05,39.03942108154297,39.33223803503989,38.52934795810433,38.538792155228705,1771400
2024-04-08,39.07719802856445,39.54948711531189,38.963849656663406,39.28500637978286,797400
2024-04-09,39.643951416015625,39.66284341393842,38.68048114163427,39.28501066204292,719000
2024-04-10,38.123172760009766,39.105534850535804,37.98148460344716,38.85994252626455,1880400
2024-04-11,37.89647674560547,38.397105646730566,37.20693508525722,38.397105646730566,974500
2024-04-12,37.19749069213867,37.688671790740344,36.95189834119788,37.424187443321046,1449000
2024-04-15,36.4040412902832,37.52808794604342,36.25290893653999,37.461967766485735,1257400
2024-04-16,36.319034576416016,36.38515476591442,35.70505727018217,36.073442212610445,2257800
2024-04-17,36.86689376831055,37.107762269028946,36.42294437091034,36.62130496995814,3517100
2024-04-18,36.29069519042969,36.91412030411277,36.026214429434525,36.83855231338266,1993700
2024-04-19,36.19624328613281,36.66853247682169,36.00732688920115,36.28125548458804,1847600
2024-04-22,36.885772705078125,37.05485298579033,36.045098804038076,36.375699685364154,1553800
2024-04-23,37.39585494995117,37.631999524375395,36.80076961348366,37.01802218956031,1397500
2024-04-24,37.008575439453125,37.537540546860235,36.71575489018276,37.30139598872349,947300
2024-04-25,36.810211181640625,36.99440363024187,35.91758512971776,36.39459449492631,1216400
2024-04-26,37.499755859375,37.655612129650564,36.7252020112709,36.91411837494311,846600
2024-04-29,37.735897064208984,37.99093359204082,37.45252434548904,37.7547890592276,814200
2024-04-30,36.07343673706055,37.38640333720094,36.05454474246002,37.24471517933672,3359600
2024-05-01,36.07343673706055,36.81021011336311,35.648379470026974,36.15844891112317,4618400
2024-05-02,36.43238067626953,36.564621046984435,35.96009157898496,36.564621046984435,6077800
2024-05-03,36.961341857910156,37.39584691672483,36.725197334213554,36.93300206483652,8492800
2024-05-06,37.717002868652344,37.896471405938925,37.027461305461486,37.08413368393124,4216000
2024-05-07,37.575321197509766,38.43488725094038,37.556429200334584,37.877585945752614,3030700
2024-05-08,36.98023223876953,37.08413279790815,35.77116987996371,36.88577227144445,4754500
2024-05-09,37.78313064575195,37.89647902877077,36.79132418695699,36.79132418695699,2649500
2024-05-10,37.54698181152344,38.16095905604263,37.20693309783771,38.123175064904274,2089100
2024-05-13,37.358062744140625,37.915363961450815,37.20693039385038,37.66977524345896,2031200
2024-05-14,37.74534225463867,37.84924642833902,37.32972916311698,37.59420989378717,1739600
2024-05-15,37.8020133972168,38.23651842857717,37.71700122992635,38.05704989908812,1317100
2024-05-16,37.754791259765625,37.92481562156339,37.40529473647033,37.72645146394612,1294600
2024-05-17,38.17040252685547,38.208186517275834,37.47141311719737,37.877582006017136,2657200
2024-05-20,38.23653030395508,38.25542230291806,37.972049525034,38.04761391760558,831300
2024-05-21,38.25541687011719,38.312092858957364,37.83035596201547,38.11372869965666,1134800
2024-05-22,37.537540435791016,38.038165744510025,37.367516066173245,38.000381750532746,1124400
2024-05-23,37.4525260925293,37.90592318428665,37.26360973681045,37.773682816267396,988200
2024-05-24,37.990936279296875,38.08539265779161,37.44307919484378,37.49030738409115,971000
2024-05-28,37.4525260925293,38.46322445185336,37.358066113029984,38.4443324559535,734500
2024-05-29,36.20568084716797,36.84799064981224,36.18678885249026,36.84799064981224,860700
2024-05-30,37.358062744140625,37.41473872672926,36.375700665614275,36.375700665614275,967300
2024-05-31,37.424835205078125,37.85401616609713,36.64276346963608,37.59650540654367,1488100
2024-06-03,37.482051849365234,37.8730858401354,37.03856176876426,37.520202394376035,1040200
2024-06-04,37.27223205566406,37.44390223601163,36.833508053596205,37.18639514637212,1082300
2024-06-05,37.787254333496094,37.86355543442258,37.2722364551893,37.51067193822945,1217900
2024-06-06,37.13870620727539,37.84447677478175,37.04333347788315,37.71095349833805,1031200
2024-06-07,36.19449996948242,36.766743561489754,36.17542469798404,36.766743561489754,1581900
2024-06-10,36.21357727050781,36.614147079714975,35.93699127563454,35.99421709333681,3105600
2024-06-11,35.565032958984375,36.04190386386246,35.565032958984375,35.984678045512034,1173200
2024-06-12,36.49016571044922,37.40957362735128,36.32803132395093,36.40432878870399,1533500
2024-06-13,36.480621337890625,36.58553351078402,35.870227210041065,36.28033644685924,1816500
2024-06-14,36.25172424316406,36.437707241474726,35.746242253037295,35.9656024306062,1053500
2024-06-17,36.38525390625,36.40432554205977,35.57457113134709,36.251726987925984,1256300
2024-06-18,36.22311782836914,36.55692968463226,35.94748865355211,36.33756584051581,1235400
2024-06-20,36.14681625366211,36.58553661550516,35.97514243585634,36.09912625231006,1188900
2024-06-21,36.204036712646484,36.40432161115113,35.60318201713253,36.08958871896327,1612800
2024-06-24,36.509239196777344,36.90981269136745,36.15635570833693,36.34710481822571,889400
2024-06-25,36.57599639892578,36.66183330604271,36.051439139093986,36.480623674678625,556100
2024-06-26,36.22311782836914,36.49970385944057,35.994221804075806,36.270804196910525,637900
2024-06-27,36.42340087890625,36.63322525554067,36.118203770112466,36.22311595842968,870700
2024-06-28,36.28987503051758,36.871658114934476,36.127740669672875,36.55692521049159,1020300
2024-07-01,35.765316009521484,36.86212048910791,35.736704920949414,36.64275668260176,661700
2024-07-02,36.480621337890625,36.54738296823442,35.66994231900967,35.66994231900967,964900
2024-07-03,37.17685317993164,37.39621334703237,36.56645903874072,36.56645903874072,403500
2024-07-05,36.680912017822266,37.54881698749845,36.66183674353705,37.48205534661848,770800
2024-07-08,36.37571334838867,36.89073481733032,36.2135789812606,36.73813626781832,725500
2024-07-09,36.127742767333984,36.37571405074022,36.05430496409213,36.223115498281814,955100
2024-07-10,37.27223205566406,37.31037896338779,36.0991264159288,36.0991264159288,696200
2024-07-11,38.34041976928711,38.59793048302078,37.682335621444565,37.844473613752186,983400
2024-07-12,38.85544204711914,39.2369365794086,38.53116969364319,38.53116969364319,606700
2024-07-15,39.40861129760742,39.47537293324762,38.884054029761785,39.06526366389427,593400
2024-07-16,40.209754943847656,40.429115125631135,39.39907585298538,39.44676221628852,986000
2024-07-17,39.66612243652344,40.104842800515684,39.446762254527314,39.780570436209175,1012000
2024-07-18,39.54213333129883,40.019004221367275,39.32277315845568,39.32277315845568,1270100
2024-07-19,39.19879150390625,39.62797609607039,39.084343492074716,39.49445280922748,573100
2024-07-22,40.352821350097656,40.419582992454544,39.32754807356455,39.551678003578374,604500
2024-07-23,40.17160415649414,40.73431197185665,39.93316870317505,40.2192905195107,1112600
2024-07-24,39.20832443237305,39.97131711460674,39.15109861686698,39.96178129780711,727200
2024-07-25,39.54213333129883,40.05715476574943,38.910757466189665,39.11294880259,942000
2024-07-26,40.15252685546875,40.43865229558801,39.837793964868105,40.07622940614342,633600
2024-07-29,40.257442474365234,40.37189411549472,39.81872209807812,40.20975610967949,666100
2024-07-30,41.24934005737305,41.41147444534891,40.42912138394091,40.44819665986223,1226100
2024-07-31,41.611759185791016,42.32706559480577,41.36855398801977,41.63083445995313,841300
2024-08-01,40.04762268066406,41.74528204327085,39.78057248333971,41.59268348975829,887300
2024-08-02,38.874515533447266,39.21786317563225,38.20212943269864,39.15110153834477,1042900
2024-08-05,37.55835723876953,38.20690202524855,36.585540059051006,36.919348270516686,999300
2024-08-06,38.2927360534668,38.826829151520464,37.13870567038005,37.61557658692018,1622200
2024-08-07,36.79536437988281,38.60747181341843,36.413866163224455,38.60747181341843,2612800
2024-08-08,37.796791076660156,38.05430181644429,36.547387925463795,36.823973939110054,940300
2024-08-09,37.796791076660156,38.05430181644429,37.472518697476794,37.901703263783666,977600
2024-08-12,37.31038284301758,38.159212568592295,37.14824846318272,37.79679325899554,963100
2024-08-13,38.273658752441406,38.30226984168233,37.47251550956988,37.7109509552074,1257000
2024-08-14,38.92220687866211,39.017579610010245,38.11152410925703,38.349959575863856,1038300
2024-08-15,39.103416442871094,39.48491464394979,38.84590570287844,39.48491464394979,924200
2024-08-16,39.00804138183594,39.14156465276742,38.678999294014595,39.132025197280164,590000
2024-08-19,38.71238708496094,39.13203224608379,38.521637961455305,39.0461953224181,825400
2024-08-20,38.063838958740234,38.76960956325163,37.9684662243474,38.71238373967397,960700
2024-08-21,38.2927360534668,38.3594976907235,37.92077368244695,38.28319659772363,658900
2024-08-22,38.22597885131836,38.44056933336439,37.9493928144579,38.34996268447364,636000
2024-08-23,39.66612243652344,39.69473352688579,38.42625879825841,38.55024261531949,614700
2024-08-26,39.771034240722656,39.92363278493163,39.59173104223303,39.78057005800735,1195600
2024-08-27,39.95224380493164,40.08576707610071,39.4372223547913,39.4372223547913,1455900
2024-08-28,39.20832443237305,40.55786989927657,39.17017388870234,40.047618201948154,802300
2024-08-29,39.103416442871094,39.561212101223646,39.01757952954021,39.38000245674132,1273500
2024-08-30,39.238189697265625,39.449976988410306,38.718353839785955,39.449976988410306,707200
2024-09-03,39.17080307006836,39.421097806362496,38.699099691492385,38.91088330804244,1650700
2024-09-04,38.920509338378906,39.35370891206331,37.726804254478765,39.26706899732643,1637900
2024-09-05,39.68101501464844,40.12383961525801,38.93013452636255,39.093789331449095,1529100
2024-09-06,39.29594421386719,40.354873145703564,39.122664399963526,39.806154959099224,1113300
2024-09-09,40.643680572509766,41.0287440195243,39.66176272337357,39.854296283016936,2463000
2024-09-10,41.1250114440918,41.221276384988585,40.123839900767955,40.682183168059105,969300
2024-09-11,42.61713790893555,42.68452409861389,40.860275284271545,41.03836945543397,1524200
2024-09-12,43.03108596801758,43.14660463168357,42.40535283463858,42.55937894361727,2537000
2024-09-13,43.175479888916016,43.55092194195325,42.780787787050855,43.31988096102817,1606500
2024-09-16,43.53166961669922,43.72419948932649,43.05996261530978,43.319882350082906,1300800
2024-09-17,43.8493537902832,44.04188736568057,43.4931690627752,43.7145813891868,644000
2024-09-18,43.964866638183594,44.55209231277434,43.48353459963669,43.945616588241094,745500
2024-09-19,45.9190788269043,45.95758627268773,44.69649496532155,44.8601461014929,1224000
2024-09-20,45.10081100463867,45.84206279226183,44.88902740265495,45.64952924041768,1351300
2024-09-23,45.06230926513672,45.37998651858078,44.71574959063612,45.27409287667535,870500
2024-09-24,45.45699691772461,45.601394319642935,45.0045436460491,45.2452096548515,693500
2024-09-25,45.312599182128906,45.61102637704962,45.24521298848102,45.52438646060632,785600
2024-09-26,45.34147262573242,46.24156478168844,45.25483271942504,45.56288857584038,1019000
2024-09-27,45.45699691772461,45.82280660706852,45.283717097605134,45.53400813096001,554800
2024-09-30,45.52437973022461,45.70728456133196,45.20766099463153,45.29333876310916,978400
2024-10-01,45.79393005371094,46.05384979633487,45.120064462345766,45.591771477982995,1209900
2024-10-02,45.97683334350586,46.35227540715332,45.59176992744434,45.59176992744434,872200
2024-10-03,45.65916061401367,45.86517141639382,45.158574818786484,45.74580053380823,532300
2024-10-04,45.9960823059082,46.08272220820495,45.408856709482656,46.015336025559876,646000
2024-10-07,45.46662521362305,46.053850904915585,45.06230805243469,46.01534345939132,572100
2024-10-08,45.27408981323242,45.59658506601539,44.94678388415906,45.33185097916489,1319200
2024-10-09,45.63990783691406,45.697669008732326,45.052682109714944,45.26446940077622,510400
2024-10-10,46.03459167480469,46.13567095300916,45.07192768549925,45.36072614783654,589300
2024-10-11,46.78547286987305,47.141661223895525,46.11161095095925,46.207875890154924,655200
2024-10-14,47.29568862915039,47.54597968129768,46.8624890463261,46.8624890463261,801600
2024-10-15,46.85285568237305,47.45933503792351,46.57368590993267,47.32456266386158,809000
2024-10-16,48.402748107910156,48.55677421172107,46.99725945160161,47.06464564250188,987200
2024-10-17,49.14400100708008,49.48093564158019,48.383495495454426,48.47013541035193,1751800
2024-10-18,49.62533187866211,49.731225513508704,48.89178086135224,49.23063975840696,1253000
2024-10-21,49.124752044677734,49.79476916520151,49.01885839706753,49.55795166114108,769800
2024-10-22,48.566402435302734,49.20176056636151,48.23909650886204,48.84557589332285,884100
2024-10-23,48.75893783569336,48.78781658338966,48.14282973075298,48.18133717586277,1270500
2024-10-24,50.54948806762695,50.66501039861784,48.941840853525974,48.99960201902142,1915800
2024-10-25,50.50135803222656,51.04045125267381,50.24143828338265,50.74202405831107,867000
2024-10-28,51.38700866699219,51.50252732621671,50.559116985960515,50.6457568984469,974400
2024-10-29,51.54104232788086,51.72394720449633,50.91627126220045,51.20410765335024,1374600
2024-10-30,51.791324615478516,52.1763917003719,51.21372766041032,51.43513994892886,1238600
2024-10-31,51.0597038269043,51.666179554959335,50.3377057648913,51.666179554959335,1164500
2024-11-01,51.204097747802734,51.73356589502798,51.059700348600046,51.569911102538775,1216900
2024-11-04,52.7251091003418,55.218409072475374,51.40626041406728,51.983857360272694,3618600
2024-11-05,53.49524688720703,54.73708453053683,52.67698382302544,52.68660884879139,2071400
2024-11-06,54.833351135253906,55.16065710527759,53.581888428318315,55.04513843123172,1729200
2024-11-07,53.832176208496094,55.333933568336896,53.51449895623051,54.99700259286246,1603200
2024-11-08,54.28462600708008,54.424212737098756,53.68777531535384,53.90918760950596,729900
2024-11-11,55.64198303222656,55.834516582482635,54.58305401422622,54.996999861981564,648300
2024-11-12,54.79484176635742,56.344731638562024,54.554175728369685,55.651615946302506,687600
2024-11-13,54.46753692626953,55.247292502535316,54.31350714379792,54.91036153405901,662500
2024-11-14,53.97657775878906,55.11252173193652,53.938070312041496,54.37126990727099,709300
2024-11-15,53.687774658203125,54.092091797634936,53.524119859667444,53.6300134930249,735900
2024-11-18,53.39897537231445,53.687773849310524,52.79249600003239,53.46636156120448,997100
2024-11-19,53.56262969970703,53.637716647208045,52.79249915756518,53.01391145891396,968400
2024-11-20,52.94652557373047,53.85913293387011,52.52295469115859,53.707031095134816,987600
2024-11-21,53.48561477661133,53.72628078387642,52.64520802162735,53.06204025357079,699000
2024-11-22,53.39897537231445,53.84179994852656,53.2353205762445,53.56262649611254,1036200
2024-11-25,54.01508331298828,54.70820264107037,53.909189674278835,54.38089669972851,990600
2024-11-26,55.651607513427734,55.86339109762026,53.51449224480605,53.66851833888777,1247600
2024-11-27,55.12214660644531,56.14257190882622,54.75633688016255,55.8248946547099,666500
2024-11-29,55.393489837646484,55.79081878169279,55.141526674243735,55.480708566671545,330700
2024-12-02,55.29658126831055,55.974945046867376,54.540684391510275,55.722981885804174,1547100
2024-12-03,55.51947784423828,56.11062664560279,55.2578216355947,55.2578216355947,1431500
2024-12-04,55.713294982910156,56.17846032136049,55.36442005487103,55.80051371491994,523400
2024-12-05,56.004024505615234,56.314134740375756,55.393493363578,55.703603598338525,1162200
2024-12-06,55.77143859863281,56.333515695706524,55.43710320504774,56.01371244458414,591500
2024-12-09,55.626075744628906,56.69207917344152,55.4807099603338,55.878038914360914,1424700
2024-12-10,55.480709075927734,56.02340380559898,55.29658228932045,55.664835862535014,624900
2024-12-11,57.24446487426758,57.73870559754635,55.7423677464623,56.13969671184054,914000
2024-12-12,55.994327545166016,57.41889887750979,55.85865478909619,56.9924982588896,565900
2024-12-13,55.65514373779297,56.02340098930063,55.413838474178945,55.99432561628344,392500
2024-12-16,56.92466354370117,57.147555034727596,55.674529631730586,55.82958474274051,719900
2024-12-17,56.07185745239258,57.02157045024993,55.73267186235435,56.488568747967435,630100
2024-12-18,52.137325286865234,56.168761500872236,52.06948891305879,55.99432405485421,1378100
2024-12-19,52.544349670410156,53.72664345231601,52.42805556978575,53.14518773641512,914700
2024-12-20,52.73816680908203,53.28086153219192,51.110090033363065,52.1470217549725,1115100
2024-12-23,53.067657470703125,53.14518686985524,52.06949048585361,52.6703285420616,739100
2024-12-24,53.746028900146484,53.746028900146484,52.78178003192633,53.009518037768515,267800
2024-12-26,53.65880584716797,53.84293632053944,53.23725175667054,53.61035182141949,288300
2024-12-27,52.95137405395508,53.377778411931146,52.50074452815219,53.15488320836781,446600
2024-12-30,52.902915954589844,53.1548791220923,51.77876548264538,52.815697224145644,522900
2024-12-31,52.51527786254883,53.106426642042386,52.418369802253885,52.99982555763463,462800
2025-01-02,52.660640716552734,53.290554163799754,52.180939560243125,52.68971239366079,562600
2025-01-03,52.990135192871094,53.48437220558786,52.44744045415004,53.07735392415117,829900
2025-01-06,53.116119384765625,53.61035640454042,52.2439320595095,53.55220935058817,1009300
2025-01-07,52.311771392822266,54.04645311716616,51.846606025370214,53.4456149796413,946200
2025-01-08,53.988304138183594,54.065833545068756,51.69154906289178,52.3117695307507,1039400
2025-01-10,50.460792541503906,53.58128062549828,50.431720865155334,53.58128062549828,1972500
2025-01-13,50.35419464111328,50.35419464111328,48.75518949542112,49.68552016529352,3339200
2025-01-14,51.362056732177734,51.478347146277095,50.363889642813206,50.635235174646915,1207900
2025-01-15,52.45713424682617,53.14519108322709,51.96289353006091,52.922299588201675,812000
2025-01-16,53.33900833129883,53.5037527644175,52.11794613427965,52.33114829177942,762200
2025-01-17,53.852630615234375,54.17243386892765,53.494066355449476,53.53283105834664,550000
2025-01-21,55.09307098388672,55.219054418642905,53.97861351275278,54.29841306645017,559000
2025-01-22,55.36442184448242,55.44679406715275,54.978719327648825,55.257820757824064,1586200
2025-01-23,56.537025451660156,56.556407803162934,54.98647429949344,54.98647429949344,979100
2025-01-24,58.106956481933594,58.25232226361397,56.59517009712353,56.63393110167362,1934000
2025-01-27,57.50611877441406,57.60787334353397,56.362585954582684,56.78898658186685,1742400
2025-01-28,59.2020378112793,59.36193943864133,57.01963604705124,57.55457490089523,1700100
2025-01-29,59.46369552612305,59.60905762095027,58.814399672783374,59.24080402327679,1268200
2025-01-30,58.91130828857422,60.67506156200959,58.53336168666742,60.316497311073064,1012300
2025-01-31,57.98097610473633,59.657510603312005,57.76292743463388,59.11481588076977,1750100
2025-02-03,56.391658782958984,56.89558882374321,55.151217880601195,55.88772874217476,1205500
2025-02-04,55.36442184448242,57.00219175759961,55.354728820164965,56.89559067094125,1422000
2025-02-05,55.92649841308594,56.00402782477376,54.49223756811361,55.761753958458044,1373000
2025-02-06,56.10093307495117,56.77930060592585,55.63576771860428,56.478879695932676,1418100
2025-02-07,56.12031555175781,56.837447788224964,55.88288820927042,56.28506369528371,2027900
2025-02-10,55.79082107543945,56.71146243148676,55.42256379365943,56.71146243148676,1406800
2025-02-11,53.93015670776367,55.374106682319486,53.5909711234601,55.374106682319486,1965400
2025-02-12,53.416534423828125,53.95922914831018,52.79631399402312,53.95922914831018,2489400
2025-02-13,55.79082107543945,55.87803980805037,53.6297388083085,53.6297388083085,3590200
2025-02-14,57.98097610473633,58.02943013249064,56.44980368942359,56.57578711902909,1928700
2025-02-18,58.86285400390625,58.94037971064521,58.010049048945035,58.068192404797905,1411100
2025-02-19,58.814395904541016,59.134199146921254,57.65148443320846,58.6011974397596,1596900
2025-02-20,58.43645095825195,59.57029448069376,57.5448849787915,59.00821738309916,1378800
2025-02-21,56.75991439819336,58.87254255859178,56.39165712979954,58.87254255859178,2416100
2025-02-24,56.265682220458984,57.225084629764034,55.36442317122958,56.83744867430554,1157600
2025-02-25,55.14152908325195,56.25114004987305,53.86232346620238,56.149385477699276,1529800
2025-02-26,55.65514373779297,56.20752776665186,54.812031856398654,55.24812178679919,991100
2025-02-27,54.47285461425781,55.994334182191366,54.37594654752293,55.848972082089034,1237000
2025-02-28,55.26203536987305,55.26203536987305,53.869249965539744,54.43183291266189,2201800
2025-03-03,54.168121337890625,56.307110157484445,53.55279915561463,55.63318053998471,1491100
2025-03-04,51.27707290649414,53.513730885569075,50.886388955918875,53.21095063758133,2511700
2025-03-05,52.71282958984375,52.795848714427,51.37083486732587,51.53101237315831,1184500
2025-03-06,49.12831497192383,51.03289256894686,48.757165619096845,50.886385166930474,3901200
2025-03-07,47.47768020629883,48.6985627307322,46.217728546882526,48.6985627307322,5126100
2025-03-10,45.79774856567383,46.69632011771539,44.899180739470374,46.32517075540443,2944800
2025-03-11,45.62194061279297,46.55957756587752,45.255675828696994,45.748913447847556,2699800
2025-03-12,46.40330505371094,47.11630378363658,45.48520266334574,46.872127259257084,1740400
2025-03-13,44.55733108520508,46.325170461414196,44.3522236991131,46.266566754314454,3674500
2025-03-14,45.83681869506836,45.88565325609826,45.01638540191634,45.60240758595142,1836100
2025-03-17,46.82328796386719,47.0723490565974,45.83681646601812,45.83681646601812,1375900
2025-03-18,47.350711822509766,47.47768466019678,46.417959423776495,46.735385929236834,1449800
2025-03-19,48.53252410888672,48.962277171589356,46.82817303075734,47.30187607896109,1523600
2025-03-20,48.20044708251953,48.766938438748774,47.46791746895031,47.56559031959584,1753900
2025-03-21,48.376251220703125,48.41532035832277,47.038164926853774,47.37024514494464,1636400
2025-03-24,50.24176025390625,50.3980330802855,49.2113350242112,49.25528873598184,1592600
2025-03-25,50.53477096557617,50.827782025547044,49.74754242838677,50.398028993474504,1098900
2025-03-26,49.440860748291016,50.95475442779478,49.099015110474625,50.554305083850714,1137700
2025-03-27,49.23575210571289,49.73387055461877,48.53252255352773,48.98181017066709,983700
2025-03-28,47.37024688720703,49.2943591386051,47.1456049263889,48.806006077912244,2826400
2025-03-31,47.3214111328125,47.4874493808581,45.40706807737929,46.34470503606028,2560000
2025-04-01,48.34695053100586,48.5764770539033,46.72561860162585,47.2921061855635,1791500
2025-04-02,49.62643814086914,49.64597270991404,47.29210743881786,47.448383991177046,1370300
2025-04-03,45.96378707885742,47.91719913740208,45.75379513353036,46.881889405071796,3345300
2025-04-04,43.199710845947266,44.850342832369954,41.319552327286786,44.00060955896544,2754100
2025-04-07,42.52578353881836,45.70984371436585,40.94351700953884,41.04118985286115,4505700
2025-04-08,41.900691986083984,45.2507941116666,41.27559697019641,44.81127563402612,4711900
2025-04-09,45.92471694946289,47.52651420666518,40.80677582748308,41.158390586544606,7011700
2025-04-10,45.00661849975586,46.15912826033982,43.84433586594626,46.15912826033982,3056600
2025-04-11,46.207969665527344,46.45116630949515,44.274091920238035,45.00662153856754,1751900
2025-04-14,47.20420837402344,47.609538580520784,46.603532473323035,47.19443922639421,1690400
2025-04-15,47.59489059448242,48.415323915585105,47.19444121905363,47.28234492223743,1390600
2025-04-16,46.872127532958984,47.52651883371497,46.10052881721301,47.22373860041465,1453200
2025-04-17,47.45814895629883,47.90743286249577,46.95026134353088,47.34094526899486,1224200
2025-04-21,46.17866134643555,47.26280566968385,45.72547277466434,47.184671122282516,1489700
2025-04-22,48.31765365600586,48.386022787339684,46.80864074107909,47.077236418346416,1413800
2025-04-23,49.411563873291016,50.82778852437235,49.30412560153586,49.88038237435496,1729200
2025-04-24,51.208702087402344,51.26730579580994,49.43598182375189,49.704573770817504,1432800
2025-04-25,51.716590881347656,51.99983655627579,51.00359584592867,51.14033410945584,1753900
2025-04-28,52.01936721801758,52.8886388096645,51.44311044814556,51.902163524810554,1651100
2025-04-29,52.566322326660156,52.72259515458606,51.355208841693944,51.80449275625115,1668400
2025-04-30,52.08773422241211,52.23423789099908,51.013355356918595,52.04866508712046,2443900
2025-05-01,51.99983596801758,53.0546766503214,51.84356313634893,52.117039660309516,2002600
2025-05-02,53.48442077636719,53.91417381581435,52.73236040901031,52.73236040901031,2440700
2025-05-05,52.67375946044922,53.46489273057586,52.5126020622282,53.10350879653392,3165200
2025-05-06,53.75790786743164,53.87511156323738,51.16963505661919,51.63845356568049,3405400
2025-05-07,54.509971618652344,55.03739010845889,53.70907287304574,53.70907287304574,2414500
2025-05-08,55.54527282714844,56.13129870116413,54.29997483081125,54.861577837049104,2397400
2025-05-09,55.02762222290039,56.05316289018503,54.92018395498558,55.78945179416816,1628200
2025-05-12,56.13130187988281,57.239861686145524,55.457372272891995,57.186142551506016,2292400
2025-05-13,56.96150207519531,57.32288230559069,55.92131137212938,56.551287282720274,1542500
2025-05-14,57.547523498535156,57.75263461785477,56.96150130977739,57.11777414183534,1613800
2025-05-15,58.162845611572266,58.231214738273856,57.02986672158281,57.47915061871839,1794400
2025-05-16,58.28982162475586,58.7879401073142,58.20191792479402,58.60236728554504,4782600
2025-05-19,57.860069274902344,58.15308035098154,57.30334338676249,57.371716239491015,1260200
2025-05-20,57.449851989746094,58.143312420338354,57.195910045387684,57.62565938423963,1480800
2025-05-21,55.96525955200195,57.12754221147085,55.78945215352495,56.96150023475895,1885900
2025-05-22,55.90665817260742,56.21920382301411,55.42807054963828,55.75038534740408,1768900
2025-05-23,55.24250030517578,55.80898792571457,55.115527464464,55.115527464464,1923600
2025-05-27,56.21920394897461,56.268038508365436,55.49643980214099,55.88712372894371,2143700
2025-05-28,54.90065002441406,56.16060181142813,54.88111545494429,56.16060181142813,1917600
2025-05-29,54.46112823486328,55.6722453879344,54.392759108769695,55.525737988683616,1839100
2025-05-30,55.22702407836914,55.364848687063485,53.927564953372446,54.449320155088095,5940300
2025-06-02,55.21718215942383,55.28609258712392,54.124454298270024,54.921851218518206,2931100
2025-06-03,55.561737060546875,56.04411383376875,55.05967481157761,55.21718490491472,1501000
2025-06-04,55.70940399169922,55.89152656133871,55.37469457649007,55.76847168450206,1625400
2025-06-05,55.70940399169922,56.044113406908366,55.32251792674739,55.88660331477093,1762800
2025-06-06,56.63477325439453,56.74306214292737,56.108098550896635,56.18193222538145,1996200
2025-06-09,54.19336700439453,56.84151035716872,53.7405259589449,56.77259617123465,6100600
2025-06-10,54.88247299194336,55.00060461774117,53.907876751935596,54.19336495667225,2763500
2025-06-11,54.91200637817383,55.689714091719026,54.64128790558767,55.039984500040745,1556500
2025-06-12,55.26640319824219,55.31070490468592,54.63636285803047,54.79387294308341,1304000
2025-06-13,53.7503662109375,54.56745235785531,53.64208107881885,54.370563812967205,1239000
2025-06-16,53.97679138183594,55.01537105671159,53.92264693720218,54.311497031809424,1440300
2025-06-17,53.149864196777344,54.05062304355767,52.83484025632908,53.65192644325594,1597100
2025-06-18,53.78974533081055,54.3114967891281,53.30244908662082,53.43534669673195,1353100
2025-06-20,53.50425720214844,54.49361943115522,53.48457172719274,54.41978575639291,1526500
2025-06-23,53.16954803466797,53.696222742491045,51.94884579379613,53.15970529714628,1793500
2025-06-24,54.813560485839844,54.980913303097275,53.74052189090476,53.94725316704742,1675200
2025-06-25,53.53379440307617,54.99076368690323,53.51410517224025,54.99076368690323,2341500
2025-06-26,54.26227569580078,54.493619457678136,53.63223534748432,53.720835006174866,2781300
2025-06-27,54.26227569580078,55.29593587696602,53.86850235577134,54.37056458479331,23014800
2025-06-30,54.41978454589844,54.577294629397294,53.79959070449854,54.29181018484954,1782900
2025-07-01,54.08507537841797,54.48869520380405,53.36643538469819,54.06538614848003,1430200
2025-07-02,54.675743103027344,54.675743103027344,53.40581588845424,53.85865692834741,2151100
2025-07-03,55.92598342895508,55.96535813665014,54.9907655862985,55.00060832438803,1432600
2025-07-07,54.64620590209961,56.172089319076456,54.32134299281437,55.729091028835974,1578500
2025-07-08,54.390254974365234,54.76434284740268,53.85865701089152,54.685585924516154,1866900
2025-07-09,55.00060272216797,55.55188988245231,54.58123302407032,54.72496101969408,2316700
2025-07-10,55.68971252441406,56.19177850473455,54.75449474694406,55.09905064145231,1469800
2025-07-11,55.2467155456543,55.325472468097836,54.637348316293945,55.12858391732575,1402300
2025-07-14,56.132713317871094,56.1917810109364,55.02521942142012,55.355005591526904,1678800
2025-07-15,55.866912841796875,56.64462054739522,55.40422531346984,56.55602088782912,1780400
2025-07-16,58.39691925048828,58.485518907774946,56.122863883688225,56.39850934821155,1919300
2025-07-17,60.53315734863281,60.8580202743708,57.90470319697848,58.1114344911151,3327400
2025-07-18,59.81451416015625,61.08444141756171,59.789905437464505,61.015530985485775,1549700
2025-07-21,59.253379821777344,60.25357242174313,59.19431588742202,60.04093399632341,3232700
2025-07-22,59.79482650756836,59.89819215191968,58.544588527027884,59.27307128398107,1020300
2025-07-23,61.458526611328125,61.527437040386424,60.13937821096877,60.208288640027064,1749300
2025-07-24,62.20669937133789,62.54140878323688,61.458527379918436,61.90152568321663,1828100
2025-07-25,62.039344787597656,62.4232753878135,61.64064820357915,62.20669761114336,1263900
2025-07-28,61.89167785644531,62.157476832696396,61.68494657114003,62.04918794363077,988600
2025-07-29,61.812923431396484,62.236232486210255,60.976148059057735,62.10825436943626,1477500
2025-07-30,61.20256805419922,62.15255179636659,60.68081660954883,61.69478753189554,1581500
2025-07-31,60.710350036621094,62.12794456989587,60.4543975544113,61.16319482104869,2181700
2025-08-01,58.879295349121094,59.479799958194484,58.24925126238275,59.33213636789903,2106100
2025-08-04,60.37564468383789,60.513465540727026,59.08602826303567,59.588090492465625,1314100
2025-08-05,60.58237838745117,60.98599823673932,59.37151883958673,60.907241312323656,2111900
2025-08-06,61.95074462890625,63.10253642024774,60.42486497779428,60.84817403495482,3080800
2025-08-07,59.972023010253906,62.551255934214225,59.51918196449116,61.96059027182485,2348600
2025-08-08,60.306732177734375,61.049984682733616,60.237821747372784,60.424867562928654,2030900
2025-08-11,60.42486572265625,60.907238720496466,60.06062059573905,60.30673034105985,1588800
2025-08-12,61.6849479675293,62.06395533250207,60.55284160846186,60.828487083778846,1625800
2025-08-13,61.53728103637695,62.383899188219544,61.13366119135163,62.383899188219544,2164500
2025-08-14,61.14350891113281,61.54712876425559,60.69066785745105,61.18288737371476,1541000
2025-08-15,60.45439910888672,61.28132802278109,60.39533141670256,61.28132802278109,920400
2025-08-18,60.277198791503906,60.41501964898582,59.93264664779913,60.3264199898422,932000
2025-08-19,59.07617950439453,60.129532631654016,59.0121923248178,60.129532631654016,1025800
2025-08-20,58.446144104003906,59.066341743808216,57.71766132548559,58.95805284975734,1408000
2025-08-21,58.091739654541016,58.41660630426867,57.61428992758255,58.091739654541016,1079600
2025-08-22,60.10984420776367,60.150206565607945,58.15080902637648,58.27878714258183,1015000
2025-08-25,59.1647834777832,60.70050969773561,59.14509800212024,60.05078009608975,1454600
2025-08-26,59.28291702270508,59.597937198244914,58.6528766716254,58.91867189352606,2176200
2025-08-27,59.45026779174805,59.60777787407004,58.85468267561374,58.908827118474726,3312700
2025-08-28,59.80466842651367,60.336266380474605,59.6127031245839,59.765289965775075,1358600
2025-08-29,59.65394973754883,60.1001652123217,58.95983719708092,59.92167902241255,1746500
2025-09-02,58.63261413574219,59.038174122374414,57.978166043674925,58.94000407160759,3147700
2025-09-03,58.017826080322266,58.74168882200068,57.49228552516705,58.54337041808641,1296800
2025-09-04,58.51361846923828,58.63261177763496,57.03615415809669,57.204722337745416,2509300
2025-09-05,57.77984619140625,59.376303835191784,57.40502369469885,58.999499251430315,3914800
2025-09-08,56.4312858581543,57.98312007196953,55.62809803239011,57.750100015971036,3840800
2025-09-09,55.6578483581543,56.6494365872479,55.6578483581543,56.27263200106184,1549200
2025-09-10,55.211631774902344,56.72380530653869,54.82491297864356,55.83633340564821,3040900
2025-09-11,56.25279998779297,56.73867988616938,54.99348247833669,55.04306113345046,2245600
2025-09-12,56.094146728515625,56.3817082274506,55.88591410484918,56.242886478339635,1694800
2025-09-15,57.35346221923828,57.42287309133143,56.22503435205417,56.32220957298458,2186000
2025-09-16,58.02774429321289,58.24589491657745,57.03615605262335,57.22455645659614,3301900
2025-09-17,58.186397552490234,59.23748243646656,57.65093900126028,58.23597620739473,2198200
2025-09-18,59.36638641357422,59.996047059397725,58.40454840033784,58.543370147653874,1724000
2025-09-19,59.5151252746582,60.16957334697417,58.48387262052126,59.96134072910292,2086200
2025-09-22,60.94301223754883,61.09175198638489,58.59294917115804,58.99950019768648,1819400
2025-09-23,60.70503234863281,62.043674939420804,60.42242985579495,61.141329805920186,1357900
2025-09-24,58.6127815246582,61.01738225231242,58.59294930592718,60.63562244391489,1719600
2025-09-25,57.52203369140625,58.226064235601044,57.08573621576347,58.12690313935788,1978600
2025-09-26,57.60136032104492,58.48883223909843,57.49228501073762,57.7302678498271,1727500
2025-09-29,57.799678802490234,58.39463022711691,57.67077127353119,57.86908967594305,1096100
2025-09-30,56.46103286743164,57.92858300465262,55.766924127441875,57.85917213065365,2197100
2025-10-01,55.290958404541016,56.72876210403068,55.23146553121896,56.12389267453021,1613100
2025-10-02,56.31229782104492,56.396581914761704,55.31079156680306,55.558688630164646,1789600
2025-10-03,57.31380081176758,57.466504738442175,56.38170920682531,56.461034300862785,1394600
2025-10-06,57.293968200683594,57.77984811029718,56.11397953820631,57.680687015167365,1222900
2025-10-07,57.47245407104492,58.255809696491994,57.23843918348706,57.62119382161148,1402600
2025-10-08,57.89883804321289,58.43925561324194,57.12341832175005,58.05749201391142,1064300
2025-10-09,58.27564239501953,58.27564239501953,57.53195120128413,57.93850223588846,1393100
2025-10-10,54.59685134887695,58.830933703354475,54.57701912962165,58.68219395024419,2617700
2025-10-13,56.480865478515625,56.847755852326706,55.44465757903929,55.58843832835299,1348700
2025-10-14,56.06439971923828,56.679183365857256,55.27112988769622,55.77683822323899,2421500
2025-10-15,55.76692581176758,57.075822021865,55.48432330691947,56.93699648706517,1259000
2025-10-16,53.70441818237305,55.94540590934919,53.605260872791646,55.92557747352003,2251300
2025-10-17,53.744083404541016,54.30928839915316,53.16400519153522,53.714333185144774,2312300
2025-10-20,54.140716552734375,54.59189101893483,53.87299105583026,54.18038099027905,859700
2025-10-21,54.20021438598633,54.601806422671864,53.96619949504379,54.011813977471554,2326100
2025-10-22,53.535850524902344,54.28945591989913,53.2582032466539,54.06139107953683,1427000
2025-10-23,53.31769943237305,53.7738291090753,52.77232666391523,53.54576427072418,1722800
2025-10-24,53.90273666381836,54.378698559208615,53.585428733558196,54.081222847415816,1191000
2025-10-27,54.120887756347656,55.102557992086076,54.00685344481798,54.467942126031154,1821600
2025-10-28,54.666259765625,55.89087182563148,54.49768780084317,55.73717307896974,2088100
2025-10-29,54.05147171020508,54.95877583097774,53.70441734944393,54.65634112405352,1743200
2025-10-30,53.21854019165039,53.95727617012127,52.970643126216714,53.63500922853567,2085400
2025-10-31,53.605262756347656,53.86803304031947,52.901232216189804,53.02022553099929,1727200
2025-11-03,53.90273666381836,54.448109432539965,53.05988440069506,53.71433247968277,3122800
2025-11-04,53.43668746948242,54.339032579784615,53.149125983781694,53.50609834084345,3777600
2025-11-05,53.52593231201172,54.10105530225156,52.851652011610696,53.39702478271504,2351400
2025-11-06,52.82190704345703,53.38711204882729,52.3856095709669,53.16896142127771,3334800
2025-11-07,52.58392333984375,54.17046679893291,51.66174597082434,53.079717461569935,5247700
2025-11-10,53.05988311767578,53.36727682257375,51.84023008099102,53.188790643292194,2851400
2025-11-11,53.62509536743164,53.88290665285183,52.72274641193835,53.04997235614261,2084700
2025-11-12,54.22004318237305,54.71583728332188,53.66475242757119,53.82340638857046,3666200
2025-11-13,51.43368148803711,54.31920314533614,50.99738401960951,53.753998145228735,3961800
2025-11-14,51.12628936767578,51.473343727442135,50.62057726332043,50.88830653340112,3994400
2025-11-17,48.9943733215332,51.23040579497755,48.78614070518819,50.95771752409086,4643100
2025-11-18,49.46042251586914,49.68848735736605,48.27051587025179,48.45891627428603,3817800
2025-11-19,50.22394561767578,50.25369205429204,49.356305912018264,49.55957953324424,3328300
2025-11-20,49.74797821044922,51.65182952263431,49.61907446784437,51.26511072960218,2121300
2025-11-21,50.04545974731445,50.47184299366912,49.242271910146805,50.02562752857598,3852200
2025-11-24,50.36276626586914,50.56108466506877,49.60915710543231,50.10495121212696,1991100
2025-11-25,50.878395080566406,51.04200426899942,49.95621769437731,50.47184404448587,3166900
2025-11-26,51.63199996948242,51.889815033215775,51.09654140567529,51.09654140567529,2447200
2025-11-28,52.7400016784668,52.95000076293945,51.779998779296875,51.779998779296875,1419600
2025-12-01,51.88999938964844,52.48500061035156,51.75,52.08000183105469,2710400
2025-12-02,52.209999084472656,52.744998931884766,51.86000061035156,52.150001525878906,1893600
2025-12-03,53.06999969482422,53.224998474121094,52.0099983215332,52.470001220703125,3805600
2025-12-04,52.91999816894531,53.619998931884766,52.900001525878906,53.09000015258789,3755400
2025-12-05,53.2599983215332,54.150001525878906,52.7599983215332,53.0099983215332,4424000
2025-12-08,53.189998626708984,53.349998474121094,52.189998626708984,53.2400016784668,2910700
2025-12-09,54.45000076293945,54.79999923706055,53.15999984741211,53.279998779296875,2266800
2025-12-10,55.65999984741211,55.93000030517578,53.900001525878906,54.349998474121094,1988300
2025-12-11,54.59000015258789,55.779998779296875,54.540000915527344,55.599998474121094,1867300
2025-12-12,53.790000915527344,54.97999954223633,52.790000915527344,54.709999084472656,2187400
2025-12-15,53.209999084472656,54.22999954223633,53.189998626708984,54.08000183105469,1256400
2025-12-16,53.15999984741211,53.810001373291016,52.790000915527344,53.2599983215332,1332500
2025-12-17,51.70000076293945,53.439998626708984,51.650001525878906,53.15999984741211,2053100
2025-12-18,52.29999923706055,53.435001373291016,52.14799880981445,52.38999938964844,1855200
2025-12-19,52.189998626708984,52.7400016784668,52.09000015258789,52.369998931884766,2235300
2025-12-22,53.27000045776367,53.43000030517578,52.33000183105469,52.560001373291016,941900
2025-12-23,53.130001068115234,53.47999954223633,52.95000076293945,53.20000076293945,1156900
2025-12-24,53.47999954223633,53.7599983215332,52.810001373291016,53.11000061035156,820600
2025-12-26,53.369998931884766,53.51499938964844,53.20000076293945,53.369998931884766,672700
2025-12-29,53.31999969482422,53.63999938964844,53.119998931884766,53.29999923706055,1442600
2025-12-30,52.70000076293945,53.599998474121094,52.64500045776367,53.310001373291016,1133900
2025-12-31,52.38999938964844,52.83000183105469,52.35499954223633,52.709999084472656,724400
2026-01-02,53.45000076293945,53.470001220703125,52.0099983215332,52.38999938964844,1236000
2026-01-05,54.75,55.119998931884766,53.58000183105469,53.61000061035156,1852300
2026-01-06,55.13999938964844,55.474998474121094,54.279998779296875,54.900001525878906,2363900
2026-01-07,53.119998931884766,55.185001373291016,53.084999084472656,55.11000061035156,2394000
2026-01-08,53.7599983215332,53.79999923706055,52.775001525878906,52.97999954223633,1331600
2026-01-09,53.939998626708984,54.470001220703125,53.34000015258789,54.040000915527344,1121900
2026-01-12,54.43000030517578,54.439998626708984,53.244998931884766,53.349998474121094,1202000
2026-01-13,52.5,54.525001525878906,52.19499969482422,54.5,2818500
2026-01-14,51.91999816894531,52.41999816894531,51.31999969482422,52.15999984741211,4760600
2026-01-15,52.040000915527344,52.77000045776367,51.96200180053711,52.310001373291016,2320300
2026-01-16,52.779998779296875,53.25,51.97999954223633,52.060001373291016,1973300
2026-01-20,50.5,51.9900016784668,50.43000030517578,51.560001373291016,2420600
2026-01-21,51.04999923706055,51.70000076293945,50.36000061035156,51.060001373291016,2484600
2026-01-22,51.619998931884766,52.33000183105469,51.53499984741211,51.88999938964844,2629700
2026-01-23,51.2599983215332,51.66999816894531,50.97999954223633,51.5,1684900
2026-01-26,51.11000061035156,51.810001373291016,50.61899948120117,51.41999816894531,3170800
2026-01-27,51.70000076293945,51.939998626708984,50.900001525878906,51.189998626708984,2497200
2026-01-28,51.380001068115234,52.209999084472656,50.93000030517578,51.810001373291016,3716100
2026-01-29,50.689998626708984,52.06999969482422,50.095001220703125,51.70000076293945,4422000
2026-01-30,49.709999084472656,50.59000015258789,49.41999816894531,50.279998779296875,3159300
2026-02-02,50.7599983215332,50.875,49.2400016784668,49.25,3553000
2026-02-03,47.369998931884766,50.81999969482422,46.7599983215332,50.540000915527344,6009700
2026-02-04,49.68000030517578,49.95000076293945,47.31999969482422,48.470001220703125,5145400
2026-02-05,48.65999984741211,50.58000183105469,48.095001220703125,49.97999954223633,6335400
2026-02-06,49.61000061035156,49.75,48.70000076293945,49.720001220703125,4187500
2026-02-09,50.86000061035156,51.08399963378906,49.75,49.75,678171
